{"D_fast":{"rep 1":0.0500709112,"rep 2":0.0488279691,"rep 3":0.0516619131,"rep 4":0.045054858,"mean":0.0489039128,"std":0.002438721},"D_med":{"rep 1":0.0050834348,"rep 2":0.015,"rep 3":0.0149999994,"rep 4":0.0050007939,"mean":0.010021057,"std":0.0049790284},"D_bound":{"rep 1":0.0000000089,"rep 2":0.0,"rep 3":0.0,"rep 4":0.0,"mean":0.0000000022,"std":0.0000000038},"F_fast":{"rep 1":0.8003870427,"rep 2":0.7164361769,"rep 3":0.6642132846,"rep 4":0.7702819324,"mean":0.7378296092,"std":0.052066371},"F_bound":{"rep 1":0.1996129524,"rep 2":0.1530057852,"rep 3":0.1926827998,"rep 4":0.1502057819,"mean":0.1738768298,"std":0.0224272799},"sigma":{"rep 1":0.0229417126,"rep 2":0.0229586234,"rep 3":0.023280901,"rep 4":0.0234400326,"mean":0.0231553174,"std":0.0002128083},"chi2":{"rep 1":0.0101249283,"rep 2":0.0106371751,"rep 3":0.0087713471,"rep 4":0.009520224,"mean":0.0097634187,"std":0.0006959686}}