{"D_fast":{"rep 1":0.0550898202,"rep 2":0.0551543882,"rep 3":0.0517374928,"mean":0.0539939004,"std":0.0015957388},"D_med":{"rep 1":0.015,"rep 2":0.015,"rep 3":0.015,"mean":0.015,"std":0.0},"D_bound":{"rep 1":0.0,"rep 2":0.000099107,"rep 3":0.0,"mean":0.0000330357,"std":0.0000467195},"F_fast":{"rep 1":0.6057384564,"rep 2":0.6792524708,"rep 3":0.6657917172,"mean":0.6502608815,"std":0.031958126},"F_bound":{"rep 1":0.1510690056,"rep 2":0.10444963,"rep 3":0.1288903192,"mean":0.1281363183,"std":0.0190397467},"sigma":{"rep 1":0.0229589355,"rep 2":0.0183446142,"rep 3":0.0191270467,"mean":0.0201435322,"std":0.0020162543},"chi2":{"rep 1":0.0063584019,"rep 2":0.0061145194,"rep 3":0.0027509896,"mean":0.0050746369,"std":0.0016460807}}