{"D_fast":{"rep 1":0.0368263881,"rep 2":0.0412004627,"rep 3":0.0313212842,"mean":0.0364493783,"std":0.0040419586},"D_med":{"rep 1":0.0106639443,"rep 2":0.015,"rep 3":0.0074916208,"mean":0.011051855,"std":0.003077531},"D_bound":{"rep 1":0.0001053494,"rep 2":0.0002149249,"rep 3":7.549516567e-17,"mean":0.0001067581,"std":0.0000877484},"F_fast":{"rep 1":0.52184338,"rep 2":0.4670693902,"rep 3":0.6550398342,"mean":0.5479842015,"std":0.0789334271},"F_bound":{"rep 1":0.1285850407,"rep 2":0.1242633477,"rep 3":0.1172087564,"mean":0.1233523816,"std":0.0046888062},"sigma":{"rep 1":0.0198306125,"rep 2":0.0202193216,"rep 3":0.0192273353,"mean":0.0197590898,"std":0.0004081224},"chi2":{"rep 1":0.0015042651,"rep 2":0.0012033756,"rep 3":0.0012952589,"mean":0.0013342999,"std":0.0001259015}}