{"D_free":{"rep 1":0.0581169626,"mean":0.0581169626,"std":0.0},"D_bound":{"rep 1":0.0003411978,"mean":0.0003411978,"std":0.0},"F_bound":{"rep 1":0.4813510005,"mean":0.4813510005,"std":0.0},"sigma":{"rep 1":0.0349153498,"mean":0.0349153498,"std":0.0}}