{"D_fast":{"rep 1":0.0487881333,"rep 2":0.051600557,"rep 3":0.0504635345,"mean":0.0502840749,"std":0.0011551583},"D_med":{"rep 1":0.0142419425,"rep 2":0.0149999991,"rep 3":0.015,"mean":0.0147473139,"std":0.0003573515},"D_bound":{"rep 1":8.604228441e-18,"rep 2":0.0,"rep 3":0.0,"mean":0.0,"std":0.0},"F_fast":{"rep 1":0.4133996968,"rep 2":0.5416777497,"rep 3":0.4786085334,"mean":0.4778953266,"std":0.052371724},"F_bound":{"rep 1":0.2716269598,"rep 2":0.3405221076,"rep 3":0.2820854931,"mean":0.2980781868,"std":0.0303145734},"sigma":{"rep 1":0.0210625288,"rep 2":0.0213757578,"rep 3":0.0202333957,"mean":0.0208905607,"std":0.0004819596},"chi2":{"rep 1":0.0025346395,"rep 2":0.003688493,"rep 3":0.0043523258,"mean":0.0035251528,"std":0.0007510019}}