{"D_free":{"rep 1":0.0419415462,"rep 2":0.0395371363,"rep 3":0.0451936468,"rep 4":0.0370847392,"rep 5":0.0400830751,"rep 6":0.0447492359,"mean":0.0414315633,"std":0.0028787283},"D_bound":{"rep 1":2.220446049e-18,"rep 2":0.0000211734,"rep 3":4.440892099e-18,"rep 4":0.0,"rep 5":8.881784197e-18,"rep 6":2.775557562e-19,"mean":0.0000035289,"std":0.0000078909},"F_bound":{"rep 1":0.2506120615,"rep 2":0.2180738921,"rep 3":0.2789939999,"rep 4":0.2262095795,"rep 5":0.2353906255,"rep 6":0.2401989006,"mean":0.2415798432,"std":0.0196230657},"sigma":{"rep 1":0.0217967679,"rep 2":0.0218107685,"rep 3":0.021810077,"rep 4":0.0213519558,"rep 5":0.0217822256,"rep 6":0.0211775163,"mean":0.0216215519,"std":0.0002574591},"chi2":{"rep 1":0.0071559508,"rep 2":0.00317419,"rep 3":0.0077585187,"rep 4":0.0033938557,"rep 5":0.0029517868,"rep 6":0.0047442402,"mean":0.0048630903,"std":0.001928685},"num_tracks":{"rep 1":1420.0,"rep 2":3308.0,"rep 3":1356.0,"rep 4":2533.0,"rep 5":3806.0,"rep 6":2949.0,"mean":2562.0,"std":914.0807768828}}